id,titulo,autor,fecha_submission,url,sentiment,Positivo,Negativo,Neutro
1c4iexr,"Daily Advice Thread - April 15, 2024",AutoModerator,2024-04-15 10:00:46,https://www.reddit.com/r/apple/comments/1c4iexr/daily_advice_thread_april_15_2024/,1,1,0,0
1c4r3hf,Apple Further Explains Why Game Boy Emulator iGBA Was Removed From App Store,digidude23,2024-04-15 16:51:22,https://www.macrumors.com/2024/04/15/apple-further-explains-igba-removal/,-1,0,1,0
1c4fwk0,Apple Removes Game Boy Emulator iGBA From App Store Due to Spam and Copyright Violations,Salanderfan14,2024-04-15 07:05:56,https://www.macrumors.com/2024/04/15/apple-removes-igba-from-app-store/,-1,0,1,0
1c4j62z,iPhone 16 Pro Camera May Be Less Prone to Lens Flare and Ghosting,favicondotico,2024-04-15 10:49:40,https://www.macrumors.com/2024/04/15/iphone-16-pro-camera-reduced-lens-flare/,-1,0,1,0
1c49j8g,Apple's First AI Features in iOS 18 Reportedly Won't Use Cloud Servers,Drtysouth205,2024-04-15 01:04:42,https://www.macrumors.com/2024/04/14/apples-first-ios-18-ai-features-no-cloud/,-1,0,1,0
1c49izn,M4 Macs Are Expected to Launch in This Order Starting Later This Year,Drtysouth205,2024-04-15 01:04:20,https://www.macrumors.com/2024/04/14/when-are-m4-macs-launching/,1,1,0,0
1c48nmx,Apple’s iPhone Shipments Plunge 10% as Android Rivals Rise ,jmjohns2,2024-04-15 00:22:13,https://www.bloomberg.com/news/articles/2024-04-15/apple-s-iphone-shipments-plunge-10-as-android-rivals-rise,-1,0,1,0
1c3ssch,The AI Device Revolution Isn’t Going to Kill the Smartphone,iMacmatician,2024-04-14 12:46:10,https://www.bloomberg.com/news/newsletters/2024-04-14/humane-ai-pin-review-the-device-isn-t-going-to-kill-apple-s-iphone-luziqlew,-1,0,1,0
1c4rcx4,The history of Apple Watch shops,favicondotico,2024-04-15 17:01:42,https://michaelsteeber.substack.com/p/shop-talk-apple-watch,1,1,0,0
1c3ge0u,Here's how iCloud's free storage and upgrades compare to the competition,Drtysouth205,2024-04-14 00:17:27,https://9to5mac.com/2024/04/13/icloud-free-storage-vs-google-microsoft/,1,1,0,0
1c4iexr,"Daily Advice Thread - April 15, 2024",AutoModerator,2024-04-15 10:00:46,https://www.reddit.com/r/apple/comments/1c4iexr/daily_advice_thread_april_15_2024/,1,1,0,0
1c4r3hf,Apple Further Explains Why Game Boy Emulator iGBA Was Removed From App Store,digidude23,2024-04-15 16:51:22,https://www.macrumors.com/2024/04/15/apple-further-explains-igba-removal/,-1,0,1,0
1c4fwk0,Apple Removes Game Boy Emulator iGBA From App Store Due to Spam and Copyright Violations,Salanderfan14,2024-04-15 07:05:56,https://www.macrumors.com/2024/04/15/apple-removes-igba-from-app-store/,-1,0,1,0
1c4j62z,iPhone 16 Pro Camera May Be Less Prone to Lens Flare and Ghosting,favicondotico,2024-04-15 10:49:40,https://www.macrumors.com/2024/04/15/iphone-16-pro-camera-reduced-lens-flare/,-1,0,1,0
1c49j8g,Apple's First AI Features in iOS 18 Reportedly Won't Use Cloud Servers,Drtysouth205,2024-04-15 01:04:42,https://www.macrumors.com/2024/04/14/apples-first-ios-18-ai-features-no-cloud/,-1,0,1,0
1c49izn,M4 Macs Are Expected to Launch in This Order Starting Later This Year,Drtysouth205,2024-04-15 01:04:20,https://www.macrumors.com/2024/04/14/when-are-m4-macs-launching/,1,1,0,0
1c48nmx,Apple’s iPhone Shipments Plunge 10% as Android Rivals Rise ,jmjohns2,2024-04-15 00:22:13,https://www.bloomberg.com/news/articles/2024-04-15/apple-s-iphone-shipments-plunge-10-as-android-rivals-rise,-1,0,1,0
1c3ssch,The AI Device Revolution Isn’t Going to Kill the Smartphone,iMacmatician,2024-04-14 12:46:10,https://www.bloomberg.com/news/newsletters/2024-04-14/humane-ai-pin-review-the-device-isn-t-going-to-kill-apple-s-iphone-luziqlew,-1,0,1,0
1c4rcx4,The history of Apple Watch shops,favicondotico,2024-04-15 17:01:42,https://michaelsteeber.substack.com/p/shop-talk-apple-watch,1,1,0,0
1c3ge0u,Here's how iCloud's free storage and upgrades compare to the competition,Drtysouth205,2024-04-14 00:17:27,https://9to5mac.com/2024/04/13/icloud-free-storage-vs-google-microsoft/,1,1,0,0
1c3w0r4,We made a Fitness app that counts reps automatically for you (like a Fitbit) Also - free goodies!,JengaAttack,2024-04-14 15:21:22,https://www.reddit.com/r/apple/comments/1c3w0r4/we_made_a_fitness_app_that_counts_reps/,1,1,0,0
1c3e65q,First emulator I’ve seen that’s openly available on the App Store.,QuantumUtility,2024-04-13 22:35:02,https://apps.apple.com/br/app/igba-gba-gbc-retro-emulator/id6482993626?l=en-GB,-1,0,1,0
1c3t7an,"I created an app to help you easily find meals from restaurants that match your personal diet restrictions (Filter by macros, specific diets like keto or vegetarian, allergens & much more).",givingback11,2024-04-14 13:08:04,https://www.reddit.com/r/apple/comments/1c3t7an/i_created_an_app_to_help_you_easily_find_meals/,1,1,0,0
1c34vud,Apple says Palestinian flag emoji recommendation when 'Jerusalem' is typed on iPhone will be fixed,iqandjoke,2024-04-13 15:42:56,https://mashable.com/article/apple-iphone-palestinian-flag-emoji-jerusalem-keyboard-bug,1,1,0,0
1c305uz,Which cars support car key in Apple Wallet?,Drtysouth205,2024-04-13 11:53:56,https://9to5mac.com/2024/04/12/apple-wallet-car-key-supported-cars/,-1,0,1,0
1c38byw,Apple loses bid to throw out UK lawsuit over App Store fees,benh999,2024-04-13 18:18:14,https://www.reuters.com/technology/apple-loses-bid-throw-out-uk-lawsuit-over-app-store-fees-2024-04-12/,-1,0,1,0
1c38j7y,Apple denies violating US court order in Epic Games lawsuit,benh999,2024-04-13 18:27:01,https://www.reuters.com/legal/apple-denies-violating-us-court-order-epic-games-lawsuit-2024-04-13/,-1,0,1,0
1c2ojbt,Apple argues in favor of selling Macs with only 8GB of RAM,digidude23,2024-04-13 00:11:34,https://9to5mac.com/2024/04/12/apple-8gb-ram-mac/,0,0,0,1
1c3q1ba,"Daily Advice Thread - April 14, 2024",AutoModerator,2024-04-14 10:00:29,https://www.reddit.com/r/apple/comments/1c3q1ba/daily_advice_thread_april_14_2024/,1,1,0,0
1c49oze,"Dippy -  iOS native alternative to character ai with widgets, perfect memory, no filter and more",chancemehmu,2024-04-15 01:12:36,https://www.reddit.com/r/apple/comments/1c49oze/dippy_ios_native_alternative_to_character_ai_with/,1,1,0,0
1c2lhr4,"Billion dollar developer lawsuit to proceed, despite Apple objection",FollowingFeisty5321,2024-04-12 21:56:09,https://9to5mac.com/2024/04/12/billion-dollar-developer-lawsuit/,1,1,0,0
1c2g9lx,Browser Companies Criticize Apple's EU Choice Screen in iOS 17.4,spearson0,2024-04-12 18:19:23,https://www.macrumors.com/2024/04/12/apple-eu-default-browser-options-criticized/,-1,0,1,0
1c2l0rh,"ATOMOS announces : Ninja Phone. A whisper quiet, 10-bit video coprocessor for iPhone 15 Pro/Max that records from professional HDMI cameras to Apple ProRes and H.265. The iPhone’s stunning OLED display is a superb viewfinder, complete with Atomos’ professional video monitoring tools.",ReachersFists,2024-04-12 21:36:42,https://www.atomos.com/explore/ninja-phone/,1,1,0,0
1c3wrlv,So what you are saying is that Apple should be a walled garden ,hasanahmad,2024-04-14 15:54:37,https://www.threads.net/@rileytestut/post/C5u9xdDNCJ2/?xmt=AQGzETcESk-bPrCRmEvghYAXJq8zKYj0FOQKgSHqOEiI9g,1,1,0,0
1c2moii,Apple Pencil Squeeze Gesture Details (see patent image),InternetPeon,2024-04-12 22:47:40,https://www.patentlyapple.com/2024/04/a-rumor-report-has-suggested-that-apple-pencil-could-gain-a-new-squeeze-gesture-that-first-appeared-.html,1,1,0,0
1c3vdje,1 Toss on Apple Watch,bsoci,2024-04-14 14:52:36,https://www.reddit.com/r/apple/comments/1c3vdje/1_toss_on_apple_watch/,-1,0,1,0
1c2ydww,"Daily Advice Thread - April 13, 2024",AutoModerator,2024-04-13 10:00:31,https://www.reddit.com/r/apple/comments/1c2ydww/daily_advice_thread_april_13_2024/,1,1,0,0
1c1vbme,"iPhone SE 4 specs leak reveals bigger OLED display, ‘AI Photography’ and other upgrades",bsoci,2024-04-12 00:32:04,https://www.tomsguide.com/phones/iphones/iphone-se-4-specs-leak-reveals-bigger-oled-display-ai-photography-upgrades,-1,0,1,0
1c1sbvg,Rise in corporate Mac use invites more sophisticated hacking,ShaidarHaran2,2024-04-11 22:25:23,https://appleinsider.com/articles/24/04/11/rise-in-corporate-mac-use-invites-more-sophisticated-hacking,-1,0,1,0
1c1ka7n,Apple Plans to Overhaul Entire Mac Line With AI-Focused M4 Chips - Gurman,ShaidarHaran2,2024-04-11 17:03:50,https://www.bloomberg.com/news/articles/2024-04-11/apple-aapl-readies-m4-chip-mac-line-including-new-macbook-air-and-mac-pro?srnd=undefined,1,1,0,0
1c1bumb,Apple alerts users in 92 nations to mercenary spyware attacks,chrisdh79,2024-04-11 10:38:58,https://techcrunch.com/2024/04/10/apple-warning-mercenary-spyware-attacks/,-1,0,1,0
1c1lawo,Apple Responds to Criticism Over iPhone's 'Parts Pairing' Process,spearson0,2024-04-11 17:46:42,https://www.macrumors.com/2024/04/11/apple-responds-to-parts-pairing-criticism/,-1,0,1,0
1c1ersp,Apple to expand repair options with support for used genuine parts,throwmeaway1784,2024-04-11 13:15:09,https://www.apple.com/newsroom/2024/04/apple-to-expand-repair-options-with-support-for-used-genuine-parts/,0,0,0,1
1c1gpup,Apple’s India iPhone Output Hits $14 Billion in China Shift,Consistent-Figure820,2024-04-11 14:38:26,https://www.bloomberg.com/news/articles/2024-04-10/apple-s-india-iphone-output-hits-14-billion-in-pivot-from-china,-1,0,1,0
1c1a4r3,Optimizing WebKit & Safari for Speedometer 3.0,favicondotico,2024-04-11 08:41:30,https://webkit.org/blog/15249/optimizing-webkit-safari-for-speedometer-3-0/,1,1,0,0
1c25b13,"Daily Advice Thread - April 12, 2024",AutoModerator,2024-04-12 10:00:40,https://www.reddit.com/r/apple/comments/1c25b13/daily_advice_thread_april_12_2024/,1,1,0,0
1c0rz81,Report: People are bailing on Safari after DMA makes changing defaults easier,somewhat_asleep,2024-04-10 17:59:41,https://arstechnica.com/tech-policy/2024/04/report-people-are-bailing-on-safari-after-dma-makes-changing-defaults-easier/,-1,0,1,0
1c19ues,Apple Vision Pro brings a new era of spatial computing to business,TamiroRabbit,2024-04-11 08:20:53,https://www.apple.com/newsroom/2024/04/apple-vision-pro-brings-a-new-era-of-spatial-computing-to-business/,1,1,0,0
1c11a1u,Apple has a solution to ghost touch issue on Apple Watch models,chrisdh79,2024-04-11 00:26:22,https://appleinsider.com/articles/24/04/11/apple-has-a-solution-to-ghost-touch-issue-on-apple-watch-models,1,1,0,0
1c0vo2w,Apple Store in New Jersey Files to Unionize in Renewed Push,iMacmatician,2024-04-10 20:28:07,https://www.bloomberg.com/news/articles/2024-04-10/apple-store-in-new-jersey-files-to-unionize-in-renewed-effort,-1,0,1,0
1c0y07t,Apple’s antitrust case is getting a new judge,send2s,2024-04-10 22:03:46,https://www.theverge.com/2024/4/10/24126698/apple-doj-antitrust-case-judge-recused,-1,0,1,0
1c0krqy,Apple Now Assembles 14% of iPhones in India,chrisdh79,2024-04-10 12:48:43,https://www.macrumors.com/2024/04/10/apple-assembles-more-iphones-in-india/,0,0,0,1
1c0lnmt,iOS 18 May Feature All-New 'Safari Browsing Assistant',digidude23,2024-04-10 13:31:20,https://www.macrumors.com/2024/04/10/ios-18-safari-browsing-assistant-rumor/,1,1,0,0
1c0lbt2,2nm Chip for iPhone 17 Pro on Track Despite Twin Challenges,BlackFireXSamin,2024-04-10 13:15:57,https://9to5mac.com/2024/04/10/2nm-chip-for-iphone-17-pro/?fbclid=IwAR029K0Duxhr5xVB6dYNwQrhlP59ruBSxahYTnrCYBe_GFU4Ih68Yi74_js_aem_ATUZmVUcpAOBzTBWrsZJC8mt1F2Y5QJ13WId1-lySpX2sf6WbB0l5W43ra08VjDaXoE,-1,0,1,0
1c1b92e,"Daily Advice Thread - April 11, 2024",AutoModerator,2024-04-11 10:00:35,https://www.reddit.com/r/apple/comments/1c1b92e/daily_advice_thread_april_11_2024/,1,1,0,0
1bztrs8,Rumored Apple Watch Series 10 screen improvement will sip battery power,chrisdh79,2024-04-09 14:37:51,https://appleinsider.com/articles/24/04/09/rumored-apple-watch-series-10-screen-improvement-will-sip-battery-power,0,0,0,1
1c04a0f,"Apple Targets New Miami Office Space Following Amazon, Microsoft",McFatty7,2024-04-09 21:47:32,https://archive.ph/neLmQ,1,1,0,0
1bzugpx,CT scans of the Vision Pro show how its design approach differs from Meta headsets,jonbruner,2024-04-09 15:07:07,https://www.lumafield.com/article/apple-vision-pro-meta-quest-pro-3-non-destructive-teardown,1,1,0,0
1bzu226,Apple teaching an AI system to use apps; maybe for advanced Siri,favicondotico,2024-04-09 14:50:07,https://9to5mac.com/2024/04/09/ferret-ui-advanced-siri/,1,1,0,0
1bzo1rw,"Apple pivots to housing for Indian factory workers. Plans 78,000 homes",utkarsh_aryan,2024-04-09 09:42:26,https://www.business-standard.com/companies/news/apple-pivots-to-housing-for-indian-factory-workers-plans-78-000-homes-124040800201_1.html,0,0,0,1
1bzuqx6,Beeper acquired by Automattic (Wordpress and WooCommerce),somuchlan,2024-04-09 15:18:50,https://blog.beeper.com/2024/04/09/beeper-is-joining-automattic/,1,1,0,0
1bzfck4,Apple Chipmaker TSMC to Receive $6.6 Billion Grant to Step Up Production in the U.S.,Drtysouth205,2024-04-09 01:11:27,https://www.macrumors.com/2024/04/08/tsmc-to-step-up-u-s-production/,1,1,0,0
1bzkk8z,X makes passkey login available globally for iOS users,2Adude,2024-04-09 05:40:41,https://9to5mac.com/2024/04/08/x-passkey-login-ios/,-1,0,1,0
1c15hgw,iPhone has crazy good bokeh now?,watergoesdownhill,2024-04-11 03:53:19,https://www.youtube.com/watch?v=5H1TgRwyIZ4,-1,0,1,0
1c0hw5y,"Daily Advice Thread - April 10, 2024",AutoModerator,2024-04-10 10:00:37,https://www.reddit.com/r/apple/comments/1c0hw5y/daily_advice_thread_april_10_2024/,1,1,0,0
1bz1o6t,Microsoft is confident Windows on Arm could finally beat Apple,M337ING,2024-04-08 16:04:41,https://www.theverge.com/2024/4/8/24116587/microsoft-macbook-air-surface-arm-qualcomm-snapdragon-x-elite,0,0,0,1
1bz0doc,"Astoundingly unsafe iMessage bridge Sunbird is back, and you still shouldn't use it",chrisdh79,2024-04-08 15:13:03,https://appleinsider.com/articles/24/04/08/astoundingly-unsafe-imessage-bridge-sunbird-is-back-and-you-still-shouldnt-use-it,-1,0,1,0
1bywaqf,Apple under 4th DMA non-compliance investigation; Spotify claim,Broad_Obligation_194,2024-04-08 12:11:59,https://9to5mac.com/2024/04/08/apple-dma-non-compliance/,-1,0,1,0
1byf5tl,iOS Emulator Delta receives Apple approval to be released on AltStore,pyrospade,2024-04-07 20:56:15,https://mastodon.social/@rileytestut/112230643639698085,-1,0,1,0
1bzob7u,"Daily Advice Thread - April 09, 2024",AutoModerator,2024-04-09 10:00:31,https://www.reddit.com/r/apple/comments/1bzob7u/daily_advice_thread_april_09_2024/,1,1,0,0
1byn4cv,Apple opens the App Store to retro game emulators,No-Maximum3743,2024-04-08 02:52:25,https://www.theverge.com/2024/4/5/24122341/apple-app-store-game-emulators-super-apps,1,1,0,0
1by3o62,Apple Is Rebooting Its Search for a New Next Big Thing,iMacmatician,2024-04-07 12:46:56,https://www.bloomberg.com/news/newsletters/2024-04-07/apple-aapl-future-products-could-include-robots-and-smart-home-push-lupinmna,0,0,0,1
1by5hu7,Monument Valley at 10: the story of the most meticulous puzzle game ever created,iamvinoth,2024-04-07 14:15:03,https://www.wallpaper.com/tech/monument-valley-at-10-the-story-of-the-most-meticulous-puzzle-game-ever-created,1,1,0,0
1bya6yw,Some very interesting info I found about Graykey which hacks iPhones and android for law enforcement ,vegas395,2024-04-07 17:37:06,https://www.fairfieldtwp.org/media/meetings-and-minutes/23-73.pdf,-1,0,1,0
1byu1z1,"Daily Advice Thread - April 08, 2024",AutoModerator,2024-04-08 10:00:48,https://www.reddit.com/r/apple/comments/1byu1z1/daily_advice_thread_april_08_2024/,1,1,0,0
1bxbjky,Apple changes App Store rules to allow retro game emulators globally,porkchop_d_clown,2024-04-06 13:26:34,https://techcrunch.com/2024/04/05/apple-changes-app-store-rules-to-allow-retro-game-emulators-globally/,-1,0,1,0
1by2kaq,I made an iOS Safari extension to automatically load your homepage upon opening a new tab [Free & Open Source],digidude23,2024-04-07 11:46:39,https://www.reddit.com/r/apple/comments/1by2kaq/i_made_an_ios_safari_extension_to_automatically/,1,1,0,0
1bxgwwk,"""PPSSPP"" Sony PSP emulator: ""About the Apple announcement""",alex2003super,2024-04-06 17:21:13,https://www.ppsspp.org/news/apple-announcement-comment/,1,1,0,0
1bxzht1,"Celebrating a Milestone: My app ""Bubbles' Journal"" has contributed €600 to mental health care after its first year! Every purchase donates to charity to promote mental wellness. The app is a cute, Animal Crossing-inspired iPad diary. I would be very happy if you took a look! Here's the journey ❤️",Aleykopp69,2024-04-07 08:32:06,https://www.reddit.com/r/apple/comments/1bxzht1/celebrating_a_milestone_my_app_bubbles_journal/,1,1,0,0
1by0unf,"Daily Advice Thread - April 07, 2024",AutoModerator,2024-04-07 10:00:35,https://www.reddit.com/r/apple/comments/1by0unf/daily_advice_thread_april_07_2024/,1,1,0,0
1bwtfvz,App Store guidelines now allow game emulators; music apps in the EU can take users to an external website,FollowingFeisty5321,2024-04-05 21:19:27,https://9to5mac.com/2024/04/05/app-store-guidelines-music-apps-game-emulators/,-1,0,1,0
1bwvm6v,Jony Ive and OpenAI's Sam Altman Seeking Funding for Personal AI Device,andreelijah,2024-04-05 22:46:25,https://www.macrumors.com/2024/04/05/jony-ive-sam-altman-ai-device/,-1,0,1,0
1bwva65,Batterygate: iPhone Users in Canada Can Now Submit Claims for Up to $150 Payout From Apple,chrisdh79,2024-04-05 22:32:47,https://www.macrumors.com/2024/04/05/iphone-batterygate-claims-open-in-canada/,-1,0,1,0
1bwj2q5,Apple's Presto system is even more sophisticated than it appeared,Drtysouth205,2024-04-05 14:13:01,https://9to5mac.com/2024/04/05/apples-presto-system-in-detail/,-1,0,1,0
1bw3lbi,"Apple Confirms Upcoming Layoffs Affecting 700+ Workers, including Apple Car and MicroLED Teams",BlackFireXSamin,2024-04-05 00:12:16,https://9to5mac.com/2024/04/04/apple-confirms-upcoming-layoffs-affecting-700-workers-including-apple-car-and-microled-teams/?fbclid=IwAR0kiq65CeWIBqtI8VUxFvw2OojBIlZA9bN1Sbc5wd2cYU48KsxbIXmV41o_aem_AfCgnbAm8eK2x33RgGt637Gr7KP5JXXxxbllAj4FPPMg1xiDiJtSBAknjJoZhhqTy-Q,-1,0,1,0
1bw72rg,"Another App Switches to a Subscription Model, Angering Its Users",crobcary,2024-04-05 02:48:12,https://sixcolors.com/link/2024/04/another-app-switches-to-a-subscription-model/,-1,0,1,0
1byb6gl,"Is the iPhone ""Illegal?""",nizasiwale,2024-04-07 18:18:17,https://youtu.be/qcH2wgRLiV8?si=o1Mzgpr2onNaFJv_,-1,0,1,0
1bx7xlk,"Daily Advice Thread - April 06, 2024",AutoModerator,2024-04-06 10:00:28,https://www.reddit.com/r/apple/comments/1bx7xlk/daily_advice_thread_april_06_2024/,1,1,0,0
1bvyezt,Samsung beats Apple to regain top spot as world's leading smartphone seller,srkdummy3,2024-04-04 20:48:30,https://www.koreatimes.co.kr/www/tech/2024/04/129_371832.html,1,1,0,0
1bvpo8v,Apple Suppliers Say New iPads Have Been 'Repeatedly Postponed',chrisdh79,2024-04-04 15:12:42,https://www.macrumors.com/2024/04/04/apple-suppliers-say-new-ipads-repeatedly-postponed/,-1,0,1,0
1bvk2qf,New iPad Models Appear in Regulatory Filings Ahead of Rumored May Launch,BlackFireXSamin,2024-04-04 10:48:46,https://9to5mac.com/2024/04/04/new-ipad-models-regulatory-database/?fbclid=IwAR0i3FqxlWilkeSsCeZgQyLBgCK73WjE4rLhLYwoYX3gSyclSDlY8sKxsV8_aem_ASvHbl8XLxDOTVmPW4WRTK8J773TIzI9wwO277vLKX4E-Cvmfy6pQ-aSv3FUQ5I6eaQ,1,1,0,0
1bvca6d,iPhone 16 and iPhone 16 Pro Designs Confirmed in New Dummy Units,BlackFireXSamin,2024-04-04 02:46:19,https://9to5mac.com/2024/04/03/iphone-16-images-leak-dummy-units/?fbclid=IwAR0bmfXCOokWGSEbNT7WARlpR1G7AIiHLVG-47W4CYUI_ifnAJVE2SWocLg_aem_AaIw2Q_RX1dCbs0Xu4bOcTGJsfEErEFT1lbQ9oP7G2A91Ev3uM8MLaTuXX0X8URopsk,-1,0,1,0
1bwe7t9,"Daily Advice Thread - April 05, 2024",AutoModerator,2024-04-05 10:00:39,https://www.reddit.com/r/apple/comments/1bwe7t9/daily_advice_thread_april_05_2024/,1,1,0,0
1bv73u4,11 Apple services currently down,jakgal04,2024-04-03 22:57:02,https://www.apple.com/support/systemstatus/,0,0,0,1
1bv1faz,Apple Explores Home Robotics as Potential ‘Next Big Thing’ After Car Fizzles,iMacmatician,2024-04-03 19:15:53,https://www.bloomberg.com/news/articles/2024-04-03/apple-explores-home-robots-after-abandoning-car-efforts,1,1,0,0
1bv4ncf,"EU Targets Apple, Others for DMA Compliance Violations",FollowingFeisty5321,2024-04-03 21:19:41,https://www.thurrott.com/apple/300353/eu-targets-apple-others-for-dma-compliance-violations,0,0,0,1
1buphz1,Apple supplier TSMC evacuates as earthquake hits Taiwan,chrisdh79,2024-04-03 10:46:55,https://appleinsider.com/articles/24/04/03/apple-supplier-tsmc-evacuates-as-earthquake-hits-taiwan,-1,0,1,0
1bv3hxw,Apple MacBook Air M3 review: small upgrades,ChunkSmith,2024-04-03 20:35:34,https://www.theverge.com/24114684/apple-macbook-air-m3-13-15-inch-2024-review,-1,0,1,0
1but7c9,Apple Card Savings Account's Interest Rate Lowered to 4.4%,sl4z3r,2024-04-03 13:54:37,https://www.macrumors.com/2024/04/03/apple-card-savings-rate-comparison-april/,-1,0,1,0
1buw1b9,The iPad Launched 14 Years Ago Today as Longest-Ever Wait for New Models Continues,favicondotico,2024-04-03 15:50:52,https://www.macrumors.com/2024/04/03/ipad-launched-14-years-ago/,1,1,0,0
1buvznd,"iPhone 16 Pro to use Color Infused Back Glass for Space Black, Rose, and more",BlackFireXSamin,2024-04-03 15:49:00,https://9to5mac.com/2024/04/03/iphone-16-pro-color-infused-glass/?fbclid=IwAR1DK1QWMD01_hfAbj6MOrHhSVmTpBv8uXwd9VqC13Yj4hBdQifNxddrqCo_aem_AZSPUpqQs8fKiXvFlquNUL18zvMluGDVkTXCL9QhZU_LJa_zNzqAbDSjmgNb8-4h054,1,1,0,0
1bu1jdv,EU may require Apple to let iPhone owners delete the Photos app,atlwhore_,2024-04-02 15:26:37,https://9to5mac.com/2024/04/02/eu-owners-delete-the-photos-app/,-1,0,1,0
1c4iexr,"Daily Advice Thread - April 15, 2024",AutoModerator,2024-04-15 10:00:46,https://www.reddit.com/r/apple/comments/1c4iexr/daily_advice_thread_april_15_2024/,1,1,0,0
1c4r3hf,Apple Further Explains Why Game Boy Emulator iGBA Was Removed From App Store,digidude23,2024-04-15 16:51:22,https://www.macrumors.com/2024/04/15/apple-further-explains-igba-removal/,-1,0,1,0
1c4fwk0,Apple Removes Game Boy Emulator iGBA From App Store Due to Spam and Copyright Violations,Salanderfan14,2024-04-15 07:05:56,https://www.macrumors.com/2024/04/15/apple-removes-igba-from-app-store/,-1,0,1,0
1c4j62z,iPhone 16 Pro Camera May Be Less Prone to Lens Flare and Ghosting,favicondotico,2024-04-15 10:49:40,https://www.macrumors.com/2024/04/15/iphone-16-pro-camera-reduced-lens-flare/,-1,0,1,0
1c49j8g,Apple's First AI Features in iOS 18 Reportedly Won't Use Cloud Servers,Drtysouth205,2024-04-15 01:04:42,https://www.macrumors.com/2024/04/14/apples-first-ios-18-ai-features-no-cloud/,-1,0,1,0
1c49izn,M4 Macs Are Expected to Launch in This Order Starting Later This Year,Drtysouth205,2024-04-15 01:04:20,https://www.macrumors.com/2024/04/14/when-are-m4-macs-launching/,1,1,0,0
1c48nmx,Apple’s iPhone Shipments Plunge 10% as Android Rivals Rise ,jmjohns2,2024-04-15 00:22:13,https://www.bloomberg.com/news/articles/2024-04-15/apple-s-iphone-shipments-plunge-10-as-android-rivals-rise,-1,0,1,0
1c3ssch,The AI Device Revolution Isn’t Going to Kill the Smartphone,iMacmatician,2024-04-14 12:46:10,https://www.bloomberg.com/news/newsletters/2024-04-14/humane-ai-pin-review-the-device-isn-t-going-to-kill-apple-s-iphone-luziqlew,-1,0,1,0
1c3ge0u,Here's how iCloud's free storage and upgrades compare to the competition,Drtysouth205,2024-04-14 00:17:27,https://9to5mac.com/2024/04/13/icloud-free-storage-vs-google-microsoft/,1,1,0,0
1c3w0r4,We made a Fitness app that counts reps automatically for you (like a Fitbit) Also - free goodies!,JengaAttack,2024-04-14 15:21:22,https://www.reddit.com/r/apple/comments/1c3w0r4/we_made_a_fitness_app_that_counts_reps/,1,1,0,0
1c3e65q,First emulator I’ve seen that’s openly available on the App Store.,QuantumUtility,2024-04-13 22:35:02,https://apps.apple.com/br/app/igba-gba-gbc-retro-emulator/id6482993626?l=en-GB,-1,0,1,0
1c3t7an,"I created an app to help you easily find meals from restaurants that match your personal diet restrictions (Filter by macros, specific diets like keto or vegetarian, allergens & much more).",givingback11,2024-04-14 13:08:04,https://www.reddit.com/r/apple/comments/1c3t7an/i_created_an_app_to_help_you_easily_find_meals/,1,1,0,0
1c34vud,Apple says Palestinian flag emoji recommendation when 'Jerusalem' is typed on iPhone will be fixed,iqandjoke,2024-04-13 15:42:56,https://mashable.com/article/apple-iphone-palestinian-flag-emoji-jerusalem-keyboard-bug,1,1,0,0
1c305uz,Which cars support car key in Apple Wallet?,Drtysouth205,2024-04-13 11:53:56,https://9to5mac.com/2024/04/12/apple-wallet-car-key-supported-cars/,-1,0,1,0
1c38byw,Apple loses bid to throw out UK lawsuit over App Store fees,benh999,2024-04-13 18:18:14,https://www.reuters.com/technology/apple-loses-bid-throw-out-uk-lawsuit-over-app-store-fees-2024-04-12/,-1,0,1,0
1c38j7y,Apple denies violating US court order in Epic Games lawsuit,benh999,2024-04-13 18:27:01,https://www.reuters.com/legal/apple-denies-violating-us-court-order-epic-games-lawsuit-2024-04-13/,-1,0,1,0
1c2ojbt,Apple argues in favor of selling Macs with only 8GB of RAM,digidude23,2024-04-13 00:11:34,https://9to5mac.com/2024/04/12/apple-8gb-ram-mac/,0,0,0,1
1c3q1ba,"Daily Advice Thread - April 14, 2024",AutoModerator,2024-04-14 10:00:29,https://www.reddit.com/r/apple/comments/1c3q1ba/daily_advice_thread_april_14_2024/,1,1,0,0
1c2lhr4,"Billion dollar developer lawsuit to proceed, despite Apple objection",FollowingFeisty5321,2024-04-12 21:56:09,https://9to5mac.com/2024/04/12/billion-dollar-developer-lawsuit/,1,1,0,0
1c2g9lx,Browser Companies Criticize Apple's EU Choice Screen in iOS 17.4,spearson0,2024-04-12 18:19:23,https://www.macrumors.com/2024/04/12/apple-eu-default-browser-options-criticized/,-1,0,1,0
1c2l0rh,"ATOMOS announces : Ninja Phone. A whisper quiet, 10-bit video coprocessor for iPhone 15 Pro/Max that records from professional HDMI cameras to Apple ProRes and H.265. The iPhone’s stunning OLED display is a superb viewfinder, complete with Atomos’ professional video monitoring tools.",ReachersFists,2024-04-12 21:36:42,https://www.atomos.com/explore/ninja-phone/,1,1,0,0
1c3wrlv,So what you are saying is that Apple should be a walled garden ,hasanahmad,2024-04-14 15:54:37,https://www.threads.net/@rileytestut/post/C5u9xdDNCJ2/?xmt=AQGzETcESk-bPrCRmEvghYAXJq8zKYj0FOQKgSHqOEiI9g,1,1,0,0
1c2moii,Apple Pencil Squeeze Gesture Details (see patent image),InternetPeon,2024-04-12 22:47:40,https://www.patentlyapple.com/2024/04/a-rumor-report-has-suggested-that-apple-pencil-could-gain-a-new-squeeze-gesture-that-first-appeared-.html,1,1,0,0
1c3vdje,1 Toss on Apple Watch,bsoci,2024-04-14 14:52:36,https://www.reddit.com/r/apple/comments/1c3vdje/1_toss_on_apple_watch/,-1,0,1,0
1c2ydww,"Daily Advice Thread - April 13, 2024",AutoModerator,2024-04-13 10:00:31,https://www.reddit.com/r/apple/comments/1c2ydww/daily_advice_thread_april_13_2024/,1,1,0,0
1c1vbme,"iPhone SE 4 specs leak reveals bigger OLED display, ‘AI Photography’ and other upgrades",bsoci,2024-04-12 00:32:04,https://www.tomsguide.com/phones/iphones/iphone-se-4-specs-leak-reveals-bigger-oled-display-ai-photography-upgrades,-1,0,1,0
1c1sbvg,Rise in corporate Mac use invites more sophisticated hacking,ShaidarHaran2,2024-04-11 22:25:23,https://appleinsider.com/articles/24/04/11/rise-in-corporate-mac-use-invites-more-sophisticated-hacking,-1,0,1,0
1c1ka7n,Apple Plans to Overhaul Entire Mac Line With AI-Focused M4 Chips - Gurman,ShaidarHaran2,2024-04-11 17:03:50,https://www.bloomberg.com/news/articles/2024-04-11/apple-aapl-readies-m4-chip-mac-line-including-new-macbook-air-and-mac-pro?srnd=undefined,1,1,0,0
1c1bumb,Apple alerts users in 92 nations to mercenary spyware attacks,chrisdh79,2024-04-11 10:38:58,https://techcrunch.com/2024/04/10/apple-warning-mercenary-spyware-attacks/,-1,0,1,0
1c1lawo,Apple Responds to Criticism Over iPhone's 'Parts Pairing' Process,spearson0,2024-04-11 17:46:42,https://www.macrumors.com/2024/04/11/apple-responds-to-parts-pairing-criticism/,-1,0,1,0
1c1ersp,Apple to expand repair options with support for used genuine parts,throwmeaway1784,2024-04-11 13:15:09,https://www.apple.com/newsroom/2024/04/apple-to-expand-repair-options-with-support-for-used-genuine-parts/,0,0,0,1
1c1gpup,Apple’s India iPhone Output Hits $14 Billion in China Shift,Consistent-Figure820,2024-04-11 14:38:26,https://www.bloomberg.com/news/articles/2024-04-10/apple-s-india-iphone-output-hits-14-billion-in-pivot-from-china,-1,0,1,0
1c1a4r3,Optimizing WebKit & Safari for Speedometer 3.0,favicondotico,2024-04-11 08:41:30,https://webkit.org/blog/15249/optimizing-webkit-safari-for-speedometer-3-0/,1,1,0,0
1c25b13,"Daily Advice Thread - April 12, 2024",AutoModerator,2024-04-12 10:00:40,https://www.reddit.com/r/apple/comments/1c25b13/daily_advice_thread_april_12_2024/,1,1,0,0
1c0rz81,Report: People are bailing on Safari after DMA makes changing defaults easier,somewhat_asleep,2024-04-10 17:59:41,https://arstechnica.com/tech-policy/2024/04/report-people-are-bailing-on-safari-after-dma-makes-changing-defaults-easier/,-1,0,1,0
1c19ues,Apple Vision Pro brings a new era of spatial computing to business,TamiroRabbit,2024-04-11 08:20:53,https://www.apple.com/newsroom/2024/04/apple-vision-pro-brings-a-new-era-of-spatial-computing-to-business/,1,1,0,0
1c11a1u,Apple has a solution to ghost touch issue on Apple Watch models,chrisdh79,2024-04-11 00:26:22,https://appleinsider.com/articles/24/04/11/apple-has-a-solution-to-ghost-touch-issue-on-apple-watch-models,1,1,0,0
1c0vo2w,Apple Store in New Jersey Files to Unionize in Renewed Push,iMacmatician,2024-04-10 20:28:07,https://www.bloomberg.com/news/articles/2024-04-10/apple-store-in-new-jersey-files-to-unionize-in-renewed-effort,-1,0,1,0
1c0y07t,Apple’s antitrust case is getting a new judge,send2s,2024-04-10 22:03:46,https://www.theverge.com/2024/4/10/24126698/apple-doj-antitrust-case-judge-recused,-1,0,1,0
1c0krqy,Apple Now Assembles 14% of iPhones in India,chrisdh79,2024-04-10 12:48:43,https://www.macrumors.com/2024/04/10/apple-assembles-more-iphones-in-india/,0,0,0,1
1c0lnmt,iOS 18 May Feature All-New 'Safari Browsing Assistant',digidude23,2024-04-10 13:31:20,https://www.macrumors.com/2024/04/10/ios-18-safari-browsing-assistant-rumor/,1,1,0,0
1c0lbt2,2nm Chip for iPhone 17 Pro on Track Despite Twin Challenges,BlackFireXSamin,2024-04-10 13:15:57,https://9to5mac.com/2024/04/10/2nm-chip-for-iphone-17-pro/?fbclid=IwAR029K0Duxhr5xVB6dYNwQrhlP59ruBSxahYTnrCYBe_GFU4Ih68Yi74_js_aem_ATUZmVUcpAOBzTBWrsZJC8mt1F2Y5QJ13WId1-lySpX2sf6WbB0l5W43ra08VjDaXoE,-1,0,1,0
1c1b92e,"Daily Advice Thread - April 11, 2024",AutoModerator,2024-04-11 10:00:35,https://www.reddit.com/r/apple/comments/1c1b92e/daily_advice_thread_april_11_2024/,1,1,0,0
1bztrs8,Rumored Apple Watch Series 10 screen improvement will sip battery power,chrisdh79,2024-04-09 14:37:51,https://appleinsider.com/articles/24/04/09/rumored-apple-watch-series-10-screen-improvement-will-sip-battery-power,0,0,0,1
1c04a0f,"Apple Targets New Miami Office Space Following Amazon, Microsoft",McFatty7,2024-04-09 21:47:32,https://archive.ph/neLmQ,1,1,0,0
1bzugpx,CT scans of the Vision Pro show how its design approach differs from Meta headsets,jonbruner,2024-04-09 15:07:07,https://www.lumafield.com/article/apple-vision-pro-meta-quest-pro-3-non-destructive-teardown,1,1,0,0
1bzu226,Apple teaching an AI system to use apps; maybe for advanced Siri,favicondotico,2024-04-09 14:50:07,https://9to5mac.com/2024/04/09/ferret-ui-advanced-siri/,1,1,0,0
1bzo1rw,"Apple pivots to housing for Indian factory workers. Plans 78,000 homes",utkarsh_aryan,2024-04-09 09:42:26,https://www.business-standard.com/companies/news/apple-pivots-to-housing-for-indian-factory-workers-plans-78-000-homes-124040800201_1.html,0,0,0,1
1bzuqx6,Beeper acquired by Automattic (Wordpress and WooCommerce),somuchlan,2024-04-09 15:18:50,https://blog.beeper.com/2024/04/09/beeper-is-joining-automattic/,1,1,0,0
1bzfck4,Apple Chipmaker TSMC to Receive $6.6 Billion Grant to Step Up Production in the U.S.,Drtysouth205,2024-04-09 01:11:27,https://www.macrumors.com/2024/04/08/tsmc-to-step-up-u-s-production/,1,1,0,0
